Start Time,Interval,End Time,Interval,Node Name,Access_Type,Protocol,MO Calls,MT Calls,Total Call,Mo Call Success_%,MT Call Success_%,SMS_MO_req ,SMS-Mo_Res,SMS-Mo_Succ-Rate,SMS_MT_Req,SMS_MT_Res,SMS-MT_Succ-Rate,Camel-IDP_Req,Camel_IDP_Res,Camel_Succ_Rate,SRI_Req,SRI_Res,SRI_Succ_Rate,LU_req,Lu_res,LU_Succ_%,Handover_Req,Handover_Cmd,Ho-Success-rate,Assign_req,Assign_res,Assign-Succ-rate,Paging_req,Paging_res,Paging Succ_rate,Rab_Assign_Req,Rab_Assign_Res,Rab-Succ_Rate,ISUP_Call_Req,ISUP-Call_ANS,ISUP_Call-Failed,ISUP_Succ_Rate,ISUP-Failed_Rate,SIP_Call_Req,SIP-Call_ANS,SIP_Call-Failed,SIP_Succ_Rate,SIP-Failed_Rate,BICC_Call_Req,BICC-Call_ANS,BICC_Call-Failed,BICC_Succ_Rate,BICC-Failed_Rate,H248_REQ,H248_RES,H248-Succ
,,,,,,,,,,,,,,,,,,,,,,,,,,,,,,,,,,,,,,,,,,,,,,,,,,,,,,,,
,,,,,,,,,,,,,,,,,,,,,,,,,,,,,,,,,,,,,,,,,,,,,,,,,,,,,,,,
,,,,,,,,,,,,,,,,,,,,,,,,,,,,,,,,,,,,,,,,,,,,,,,,,,,,,,,,
,,,,,,,,,,,,,,,,,,,,,,,,,,,,,,,,,,,,,,,,,,,,,,,,,,,,,,,,
,,,,,,,,,,,,,,,,,,,,,,,,,,,,,,,,,,,,,,,,,,,,,,,,,,,,,,,,
,,,,,,,,,,,,,,,,,,,,,,,,,,,,,,,,,,,,,,,,,,,,,,,,,,,,,,,,
,,,,,,,,,,,,,,,,,,,,,,,,,,,,,,,,,,,,,,,,,,,,,,,,,,,,,,,,
,,,,,,,,,,,,,,,,,,,,,,,,,,,,,,,,,,,,,,,,,,,,,,,,,,,,,,,,
1/1/2021,00:05,1/1/2021,00:10,MSC1,GERAN,MAP,,,,,,5000,4000,80,6000,5000,83.33333333,,,,6000,5998,99.96666667,500,495,99,,,,,,,,,,,,,,,,,,,,,,,,,,,,,,
1/1/2021,00:05,1/1/2021,00:10,MSC1,GERAN,CAMEL,,,,,,,,,,,,4800,4800,100,,,,,,,,,,,,,,,,,,,,,,,,,,,,,,,,,,,,
1/1/2021,00:05,1/1/2021,00:10,MSC1,GERAN,BSSAP,475,574,1049,45.28122021,54.71877979,,,,,,,,,,,,,,,,70,70,100,1048,1048,100,548,540,98.54014599,,,,,,,,,,,,,,,,,,,,,
1/1/2021,00:05,1/1/2021,00:10,MSC1,UTRAN,RANAP,375,474,849,44.16961131,55.83038869,,,,,,,,,,,,,,,,,,,,,,,,,849,845,99.52885748,,,,,,,,,,,,,,,,,,
1/1/2021,00:05,1/1/2021,00:10,MSC1,GERAN,ISUP,,,,,,,,,,,,,,,,,,,,,,,,,,,,,,,,,49,45,4,91.83673469,8.163265306,,,,,,,,,,,,,
1/1/2021,00:05,1/1/2021,00:10,MSC1,GERAN,SIP,,,,,,,,,,,,,,,,,,,,,,,,,,,,,,,,,,,,,,35,32,3,91.42857143,8.571428571,,,,,,,,
1/1/2021,00:05,1/1/2021,00:10,MSC1,GERAN,BICC,,,,,,,,,,,,,,,,,,,,,,,,,,,,,,,,,,,,,,,,,,,23,22,1,95.65217391,4.347826087,,,
1/1/2021,00:05,1/1/2021,00:10,MSC1,MGW,H248,,,,,,,,,,,,,,,,,,,,,,,,,,,,,,,,,,,,,,,,,,,,,,,,1048,1048,100
1/1/2021,00:10,1/1/2021,00:15,MSC1,GERAN,MAP,,,,,,3000,2700,90,4000,3970,99.25,,,,5000,4999,99.98,395,390,98.73417722,,,,,,,,,,,,,,,,,,,,,,,,,,,,,,
1/1/2021,00:10,1/1/2021,00:15,MSC1,GERAN,CAMEL,,,,,,,,,,,,4880,4878,99.95901639,,,,,,,,,,,,,,,,,,,,,,,,,,,,,,,,,,,,
1/1/2021,00:10,1/1/2021,00:15,MSC1,GERAN,BSSAP,400,500,900,44.44444444,55.55555556,,,,,,,,,,,,,,,,50,50,100,900,900,100,500,480,96,,,,,,,,,,,,,,,,,,,,,
1/1/2021,00:10,1/1/2021,00:15,MSC1,UTRAN,RANAP,230,300,530,43.39622642,56.60377358,,,,,,,,,,,,,,,,,,,,,,,,,450,445,98.88888889,,,,,,,,,,,,,,,,,,
1/1/2021,00:10,1/1/2021,00:15,MSC1,GERAN,ISUP,,,,,,,,,,,,,,,,,,,,,,,,,,,,,,,,,40,35,5,87.5,12.5,,,,,,,,,,,,,
1/1/2021,00:10,1/1/2021,00:15,MSC1,GERAN,SIP,,,,,,,,,,,,,,,,,,,,,,,,,,,,,,,,,,,,,,30,28,2,93.33333333,6.666666667,,,,,,,,
1/1/2021,00:10,1/1/2021,00:15,MSC1,GERAN,BICC,,,,,,,,,,,,,,,,,,,,,,,,,,,,,,,,,,,,,,,,,,,20,18,2,90,10,,,
1/1/2021,00:10,1/1/2021,00:15,MSC1,MGW,H248,,,,,,,,,,,,,,,,,,,,,,,,,,,,,,,,,,,,,,,,,,,,,,,,900,900,100
1/1/2021,00:15,1/1/2021,00:20,MSC1,GERAN,MAP,,,,,,2900,2900,100,3900,3870,99.23076923,,,,4590,4580,99.78213508,300,299,99.66666667,,,,,,,,,,,,,,,,,,,,,,,,,,,,,,
1/1/2021,00:15,1/1/2021,00:20,MSC1,GERAN,CAMEL,,,,,,,,,,,,4778,4776,99.95814148,,,,,,,,,,,,,,,,,,,,,,,,,,,,,,,,,,,,
1/1/2021,00:15,1/1/2021,00:20,MSC1,GERAN,BSSAP,,,,,,,,,,,,,,,,,,,,,,,,,,,,,,,,,,,,,,,,,,,,,,,,,,
1/1/2021,00:15,1/1/2021,00:20,MSC1,GERAN,RANAP,,,,,,,,,,,,,,,,,,,,,,,,,,,,,,,,,,,,,,,,,,,,,,,,,,
1/1/2021,00:15,1/1/2021,00:20,MSC1,GERAN,ISUP,,,,,,,,,,,,,,,,,,,,,,,,,,,,,,,,,,,,,,,,,,,,,,,,,,
1/1/2021,00:15,1/1/2021,00:20,MSC1,GERAN,SIP,,,,,,,,,,,,,,,,,,,,,,,,,,,,,,,,,,,,,,,,,,,,,,,,,,
1/1/2021,00:15,1/1/2021,00:20,MSC1,GERAN,BICC,,,,,,,,,,,,,,,,,,,,,,,,,,,,,,,,,,,,,,,,,,,,,,,,,,
1/1/2021,00:15,1/1/2021,00:20,MSC1,GERAN,H248,,,,,,,,,,,,,,,,,,,,,,,,,,,,,,,,,,,,,,,,,,,,,,,,,,
1/1/2021,00:20,1/1/2021,00:25,MSC1,GERAN,MAP,,,,,,2800,2800,100,3000,2999,99.96666667,,,,4500,4490,99.77777778,295,295,100,,,,,,,,,,,,,,,,,,,,,,,,,,,,,,
1/1/2021,00:20,1/1/2021,00:25,MSC1,GERAN,CAMEL,,,,,,,,,,,,4500,4500,100,,,,,,,,,,,,,,,,,,,,,,,,,,,,,,,,,,,,
1/1/2021,00:20,1/1/2021,00:25,MSC1,GERAN,BSSAP,,,,,,,,,,,,,,,,,,,,,,,,,,,,,,,,,,,,,,,,,,,,,,,,,,
1/1/2021,00:20,1/1/2021,00:25,MSC1,GERAN,RANAP,,,,,,,,,,,,,,,,,,,,,,,,,,,,,,,,,,,,,,,,,,,,,,,,,,
1/1/2021,00:20,1/1/2021,00:25,MSC1,GERAN,ISUP,,,,,,,,,,,,,,,,,,,,,,,,,,,,,,,,,,,,,,,,,,,,,,,,,,
1/1/2021,00:20,1/1/2021,00:25,MSC1,GERAN,SIP,,,,,,,,,,,,,,,,,,,,,,,,,,,,,,,,,,,,,,,,,,,,,,,,,,
1/1/2021,00:20,1/1/2021,00:25,MSC1,GERAN,BICC,,,,,,,,,,,,,,,,,,,,,,,,,,,,,,,,,,,,,,,,,,,,,,,,,,
1/1/2021,00:20,1/1/2021,00:25,MSC1,GERAN,H248,,,,,,,,,,,,,,,,,,,,,,,,,,,,,,,,,,,,,,,,,,,,,,,,,,
1/1/2021,00:25,1/1/2021,00:30,MSC1,GERAN,MAP,,,,,,2886,2800,97.02009702,2990,2990,100,,,,3900,3900,100,250,250,100,,,,,,,,,,,,,,,,,,,,,,,,,,,,,,
1/1/2021,00:25,1/1/2021,00:30,MSC1,GERAN,CAMEL,,,,,,,,,,,,4600,4600,100,,,,,,,,,,,,,,,,,,,,,,,,,,,,,,,,,,,,
1/1/2021,00:25,1/1/2021,00:30,MSC1,GERAN,BSSAP,,,,,,,,,,,,,,,,,,,,,,,,,,,,,,,,,,,,,,,,,,,,,,,,,,
1/1/2021,00:25,1/1/2021,00:30,MSC1,GERAN,RANAP,,,,,,,,,,,,,,,,,,,,,,,,,,,,,,,,,,,,,,,,,,,,,,,,,,
1/1/2021,00:25,1/1/2021,00:30,MSC1,GERAN,ISUP,,,,,,,,,,,,,,,,,,,,,,,,,,,,,,,,,,,,,,,,,,,,,,,,,,
1/1/2021,00:25,1/1/2021,00:30,MSC1,GERAN,SIP,,,,,,,,,,,,,,,,,,,,,,,,,,,,,,,,,,,,,,,,,,,,,,,,,,
1/1/2021,00:25,1/1/2021,00:30,MSC1,GERAN,BICC,,,,,,,,,,,,,,,,,,,,,,,,,,,,,,,,,,,,,,,,,,,,,,,,,,
1/1/2021,00:25,1/1/2021,00:30,MSC1,GERAN,H248,,,,,,,,,,,,,,,,,,,,,,,,,,,,,,,,,,,,,,,,,,,,,,,,,,
1/1/2021,00:30,1/1/2021,00:35,MSC1,GERAN,MAP,,,,,,2776,2767,99.67579251,2898,2700,93.16770186,,,,4000,4000,100,240,239,99.58333333,,,,,,,,,,,,,,,,,,,,,,,,,,,,,,
1/1/2021,00:30,1/1/2021,00:35,MSC1,GERAN,CAMEL,,,,,,,,,,,,4550,4540,99.78021978,,,,,,,,,,,,,,,,,,,,,,,,,,,,,,,,,,,,
1/1/2021,00:30,1/1/2021,00:35,MSC1,GERAN,BSSAP,,,,,,,,,,,,,,,,,,,,,,,,,,,,,,,,,,,,,,,,,,,,,,,,,,
1/1/2021,00:30,1/1/2021,00:35,MSC1,GERAN,RANAP,,,,,,,,,,,,,,,,,,,,,,,,,,,,,,,,,,,,,,,,,,,,,,,,,,
1/1/2021,00:30,1/1/2021,00:35,MSC1,GERAN,ISUP,,,,,,,,,,,,,,,,,,,,,,,,,,,,,,,,,,,,,,,,,,,,,,,,,,
1/1/2021,00:30,1/1/2021,00:35,MSC1,GERAN,SIP,,,,,,,,,,,,,,,,,,,,,,,,,,,,,,,,,,,,,,,,,,,,,,,,,,
1/1/2021,00:30,1/1/2021,00:35,MSC1,GERAN,BICC,,,,,,,,,,,,,,,,,,,,,,,,,,,,,,,,,,,,,,,,,,,,,,,,,,
1/1/2021,00:30,1/1/2021,00:35,MSC1,GERAN,H248,,,,,,,,,,,,,,,,,,,,,,,,,,,,,,,,,,,,,,,,,,,,,,,,,,
1/1/2021,00:35,1/1/2021,00:40,MSC1,GERAN,MAP,,,,,,2700,2700,100,2850,2800,98.24561404,,,,3880,3870,99.74226804,240,238,99.16666667,,,,,,,,,,,,,,,,,,,,,,,,,,,,,,
1/1/2021,00:35,1/1/2021,00:40,MSC1,GERAN,CAMEL,,,,,,,,,,,,4567,4560,99.84672652,,,,,,,,,,,,,,,,,,,,,,,,,,,,,,,,,,,,
1/1/2021,00:35,1/1/2021,00:40,MSC1,GERAN,BSSAP,,,,,,,,,,,,,,,,,,,,,,,,,,,,,,,,,,,,,,,,,,,,,,,,,,
1/1/2021,00:35,1/1/2021,00:40,MSC1,GERAN,RANAP,,,,,,,,,,,,,,,,,,,,,,,,,,,,,,,,,,,,,,,,,,,,,,,,,,
1/1/2021,00:35,1/1/2021,00:40,MSC1,GERAN,ISUP,,,,,,,,,,,,,,,,,,,,,,,,,,,,,,,,,,,,,,,,,,,,,,,,,,
1/1/2021,00:35,1/1/2021,00:40,MSC1,GERAN,SIP,,,,,,,,,,,,,,,,,,,,,,,,,,,,,,,,,,,,,,,,,,,,,,,,,,
1/1/2021,00:35,1/1/2021,00:40,MSC1,GERAN,BICC,,,,,,,,,,,,,,,,,,,,,,,,,,,,,,,,,,,,,,,,,,,,,,,,,,
1/1/2021,00:35,1/1/2021,00:40,MSC1,GERAN,H248,,,,,,,,,,,,,,,,,,,,,,,,,,,,,,,,,,,,,,,,,,,,,,,,,,
1/1/2021,00:40,1/1/2021,00:45,MSC1,GERAN,MAP,,,,,,2730,2720,99.63369963,2700,2700,100,,,,3850,3800,98.7012987,230,230,100,,,,,,,,,,,,,,,,,,,,,,,,,,,,,,
1/1/2021,00:40,1/1/2021,00:45,MSC1,GERAN,CAMEL,,,,,,,,,,,,4490,4489,99.97772829,,,,,,,,,,,,,,,,,,,,,,,,,,,,,,,,,,,,
1/1/2021,00:40,1/1/2021,00:45,MSC1,GERAN,BSSAP,,,,,,,,,,,,,,,,,,,,,,,,,,,,,,,,,,,,,,,,,,,,,,,,,,
1/1/2021,00:40,1/1/2021,00:45,MSC1,GERAN,RANAP,,,,,,,,,,,,,,,,,,,,,,,,,,,,,,,,,,,,,,,,,,,,,,,,,,
1/1/2021,00:40,1/1/2021,00:45,MSC1,GERAN,ISUP,,,,,,,,,,,,,,,,,,,,,,,,,,,,,,,,,,,,,,,,,,,,,,,,,,
1/1/2021,00:40,1/1/2021,00:45,MSC1,GERAN,SIP,,,,,,,,,,,,,,,,,,,,,,,,,,,,,,,,,,,,,,,,,,,,,,,,,,
1/1/2021,00:40,1/1/2021,00:45,MSC1,GERAN,BICC,,,,,,,,,,,,,,,,,,,,,,,,,,,,,,,,,,,,,,,,,,,,,,,,,,
1/1/2021,00:40,1/1/2021,00:45,MSC1,GERAN,H248,,,,,,,,,,,,,,,,,,,,,,,,,,,,,,,,,,,,,,,,,,,,,,,,,,
1/1/2021,00:45,1/1/2021,00:50,MSC1,GERAN,MAP,,,,,,2684,2680,99.8509687,2500,2400,96,,,,3800,3799,99.97368421,220,210,95.45454545,,,,,,,,,,,,,,,,,,,,,,,,,,,,,,
1/1/2021,00:45,1/1/2021,00:50,MSC1,GERAN,CAMEL,,,,,,,,,,,,4460,4460,100,,,,,,,,,,,,,,,,,,,,,,,,,,,,,,,,,,,,
1/1/2021,00:45,1/1/2021,00:50,MSC1,GERAN,BSSAP,,,,,,,,,,,,,,,,,,,,,,,,,,,,,,,,,,,,,,,,,,,,,,,,,,
1/1/2021,00:45,1/1/2021,00:50,MSC1,GERAN,RANAP,,,,,,,,,,,,,,,,,,,,,,,,,,,,,,,,,,,,,,,,,,,,,,,,,,
1/1/2021,00:45,1/1/2021,00:50,MSC1,GERAN,ISUP,,,,,,,,,,,,,,,,,,,,,,,,,,,,,,,,,,,,,,,,,,,,,,,,,,
1/1/2021,00:45,1/1/2021,00:50,MSC1,GERAN,SIP,,,,,,,,,,,,,,,,,,,,,,,,,,,,,,,,,,,,,,,,,,,,,,,,,,
1/1/2021,00:45,1/1/2021,00:50,MSC1,GERAN,BICC,,,,,,,,,,,,,,,,,,,,,,,,,,,,,,,,,,,,,,,,,,,,,,,,,,
1/1/2021,00:45,1/1/2021,00:50,MSC1,GERAN,H248,,,,,,,,,,,,,,,,,,,,,,,,,,,,,,,,,,,,,,,,,,,,,,,,,,
1/1/2021,00:50,1/1/2021,00:55,MSC1,GERAN,MAP,,,,,,2600,2598,99.92307692,2450,2398,97.87755102,,,,3820,3820,100,190,190,100,,,,,,,,,,,,,,,,,,,,,,,,,,,,,,
1/1/2021,00:50,1/1/2021,00:55,MSC1,GERAN,CAMEL,,,,,,,,,,,,4464,4460,99.91039427,,,,,,,,,,,,,,,,,,,,,,,,,,,,,,,,,,,,
1/1/2021,00:50,1/1/2021,00:55,MSC1,GERAN,BSSAP,,,,,,,,,,,,,,,,,,,,,,,,,,,,,,,,,,,,,,,,,,,,,,,,,,
1/1/2021,00:50,1/1/2021,00:55,MSC1,GERAN,RANAP,,,,,,,,,,,,,,,,,,,,,,,,,,,,,,,,,,,,,,,,,,,,,,,,,,
1/1/2021,00:50,1/1/2021,00:55,MSC1,GERAN,ISUP,,,,,,,,,,,,,,,,,,,,,,,,,,,,,,,,,,,,,,,,,,,,,,,,,,
1/1/2021,00:50,1/1/2021,00:55,MSC1,GERAN,SIP,,,,,,,,,,,,,,,,,,,,,,,,,,,,,,,,,,,,,,,,,,,,,,,,,,
1/1/2021,00:50,1/1/2021,00:55,MSC1,GERAN,BICC,,,,,,,,,,,,,,,,,,,,,,,,,,,,,,,,,,,,,,,,,,,,,,,,,,
1/1/2021,00:50,1/1/2021,00:55,MSC1,GERAN,H248,,,,,,,,,,,,,,,,,,,,,,,,,,,,,,,,,,,,,,,,,,,,,,,,,,
1/1/2021,00:55,1/1/2021,01:00,MSC1,GERAN,MAP,,,,,,2587,2580,99.72941631,2340,2340,100,,,,3900,3900,100,180,180,100,,,,,,,,,,,,,,,,,,,,,,,,,,,,,,
1/1/2021,00:55,1/1/2021,01:00,MSC1,GERAN,CAMEL,,,,,,,,,,,,4430,4430,100,,,,,,,,,,,,,,,,,,,,,,,,,,,,,,,,,,,,
1/1/2021,00:55,1/1/2021,01:00,MSC1,GERAN,BSSAP,,,,,,,,,,,,,,,,,,,,,,,,,,,,,,,,,,,,,,,,,,,,,,,,,,
1/1/2021,00:55,1/1/2021,01:00,MSC1,GERAN,RANAP,,,,,,,,,,,,,,,,,,,,,,,,,,,,,,,,,,,,,,,,,,,,,,,,,,
1/1/2021,00:55,1/1/2021,01:00,MSC1,GERAN,ISUP,,,,,,,,,,,,,,,,,,,,,,,,,,,,,,,,,,,,,,,,,,,,,,,,,,
1/1/2021,00:55,1/1/2021,01:00,MSC1,GERAN,SIP,,,,,,,,,,,,,,,,,,,,,,,,,,,,,,,,,,,,,,,,,,,,,,,,,,
1/1/2021,00:55,1/1/2021,01:00,MSC1,GERAN,BICC,,,,,,,,,,,,,,,,,,,,,,,,,,,,,,,,,,,,,,,,,,,,,,,,,,
1/1/2021,00:55,1/1/2021,01:00,MSC1,GERAN,H248,,,,,,,,,,,,,,,,,,,,,,,,,,,,,,,,,,,,,,,,,,,,,,,,,,
1/1/2021,01:00,1/1/2021,01:05,MSC1,GERAN,,,,,,,,,,,,,,,,,,,,,,,,,,,,,,,,,,,,,,,,,,,,,,,,,,,
1/1/2021,01:05,1/1/2021,01:10,MSC1,GERAN,,,,,,,,,,,,,,,,,,,,,,,,,,,,,,,,,,,,,,,,,,,,,,,,,,,
1/1/2021,01:10,1/1/2021,01:15,MSC1,GERAN,,,,,,,,,,,,,,,,,,,,,,,,,,,,,,,,,,,,,,,,,,,,,,,,,,,
1/1/2021,01:15,1/1/2021,01:20,MSC1,GERAN,,,,,,,,,,,,,,,,,,,,,,,,,,,,,,,,,,,,,,,,,,,,,,,,,,,
1/1/2021,01:20,1/1/2021,01:25,MSC1,GERAN,,,,,,,,,,,,,,,,,,,,,,,,,,,,,,,,,,,,,,,,,,,,,,,,,,,
1/1/2021,01:25,1/1/2021,01:30,MSC1,GERAN,,,,,,,,,,,,,,,,,,,,,,,,,,,,,,,,,,,,,,,,,,,,,,,,,,,
1/1/2021,01:30,1/1/2021,01:35,MSC1,GERAN,,,,,,,,,,,,,,,,,,,,,,,,,,,,,,,,,,,,,,,,,,,,,,,,,,,
1/1/2021,01:35,1/1/2021,01:40,MSC1,GERAN,,,,,,,,,,,,,,,,,,,,,,,,,,,,,,,,,,,,,,,,,,,,,,,,,,,
1/1/2021,01:40,1/1/2021,01:45,MSC1,GERAN,,,,,,,,,,,,,,,,,,,,,,,,,,,,,,,,,,,,,,,,,,,,,,,,,,,
1/1/2021,01:45,1/1/2021,01:50,MSC1,GERAN,,,,,,,,,,,,,,,,,,,,,,,,,,,,,,,,,,,,,,,,,,,,,,,,,,,
1/1/2021,01:50,1/1/2021,01:55,MSC1,GERAN,,,,,,,,,,,,,,,,,,,,,,,,,,,,,,,,,,,,,,,,,,,,,,,,,,,
1/1/2021,01:55,1/1/2021,02:00,MSC1,GERAN,,,,,,,,,,,,,,,,,,,,,,,,,,,,,,,,,,,,,,,,,,,,,,,,,,,
1/1/2021,02:00,1/1/2021,02:05,MSC1,GERAN,,,,,,,,,,,,,,,,,,,,,,,,,,,,,,,,,,,,,,,,,,,,,,,,,,,
1/1/2021,02:05,1/1/2021,02:10,MSC1,GERAN,,,,,,,,,,,,,,,,,,,,,,,,,,,,,,,,,,,,,,,,,,,,,,,,,,,
1/1/2021,02:10,1/1/2021,02:15,MSC1,GERAN,,,,,,,,,,,,,,,,,,,,,,,,,,,,,,,,,,,,,,,,,,,,,,,,,,,
1/1/2021,02:15,1/1/2021,02:20,MSC1,GERAN,,,,,,,,,,,,,,,,,,,,,,,,,,,,,,,,,,,,,,,,,,,,,,,,,,,
1/1/2021,02:20,1/1/2021,02:25,MSC1,GERAN,,,,,,,,,,,,,,,,,,,,,,,,,,,,,,,,,,,,,,,,,,,,,,,,,,,
1/1/2021,02:25,1/1/2021,02:30,MSC1,GERAN,,,,,,,,,,,,,,,,,,,,,,,,,,,,,,,,,,,,,,,,,,,,,,,,,,,
1/1/2021,02:30,1/1/2021,02:35,MSC1,GERAN,,,,,,,,,,,,,,,,,,,,,,,,,,,,,,,,,,,,,,,,,,,,,,,,,,,
1/1/2021,02:35,1/1/2021,02:40,MSC1,GERAN,,,,,,,,,,,,,,,,,,,,,,,,,,,,,,,,,,,,,,,,,,,,,,,,,,,
1/1/2021,02:40,1/1/2021,02:45,MSC1,GERAN,,,,,,,,,,,,,,,,,,,,,,,,,,,,,,,,,,,,,,,,,,,,,,,,,,,
1/1/2021,02:45,1/1/2021,02:50,MSC1,GERAN,,,,,,,,,,,,,,,,,,,,,,,,,,,,,,,,,,,,,,,,,,,,,,,,,,,
1/1/2021,02:50,1/1/2021,02:55,MSC1,GERAN,,,,,,,,,,,,,,,,,,,,,,,,,,,,,,,,,,,,,,,,,,,,,,,,,,,
1/1/2021,02:55,1/1/2021,03:00,MSC1,GERAN,,,,,,,,,,,,,,,,,,,,,,,,,,,,,,,,,,,,,,,,,,,,,,,,,,,
1/1/2021,03:00,1/1/2021,03:05,MSC1,GERAN,,,,,,,,,,,,,,,,,,,,,,,,,,,,,,,,,,,,,,,,,,,,,,,,,,,
1/1/2021,03:05,1/1/2021,03:10,MSC1,GERAN,,,,,,,,,,,,,,,,,,,,,,,,,,,,,,,,,,,,,,,,,,,,,,,,,,,
1/1/2021,03:10,1/1/2021,03:15,MSC1,GERAN,,,,,,,,,,,,,,,,,,,,,,,,,,,,,,,,,,,,,,,,,,,,,,,,,,,
1/1/2021,03:15,1/1/2021,03:20,MSC1,GERAN,,,,,,,,,,,,,,,,,,,,,,,,,,,,,,,,,,,,,,,,,,,,,,,,,,,
1/1/2021,03:20,1/1/2021,03:25,MSC1,GERAN,,,,,,,,,,,,,,,,,,,,,,,,,,,,,,,,,,,,,,,,,,,,,,,,,,,
1/1/2021,03:25,1/1/2021,03:30,MSC1,GERAN,,,,,,,,,,,,,,,,,,,,,,,,,,,,,,,,,,,,,,,,,,,,,,,,,,,
1/1/2021,03:30,1/1/2021,03:35,MSC1,GERAN,,,,,,,,,,,,,,,,,,,,,,,,,,,,,,,,,,,,,,,,,,,,,,,,,,,
1/1/2021,03:35,1/1/2021,03:40,MSC1,GERAN,,,,,,,,,,,,,,,,,,,,,,,,,,,,,,,,,,,,,,,,,,,,,,,,,,,
1/1/2021,03:40,1/1/2021,03:45,MSC1,GERAN,,,,,,,,,,,,,,,,,,,,,,,,,,,,,,,,,,,,,,,,,,,,,,,,,,,
1/1/2021,03:45,1/1/2021,03:50,MSC1,GERAN,,,,,,,,,,,,,,,,,,,,,,,,,,,,,,,,,,,,,,,,,,,,,,,,,,,
1/1/2021,03:50,1/1/2021,03:55,MSC1,GERAN,,,,,,,,,,,,,,,,,,,,,,,,,,,,,,,,,,,,,,,,,,,,,,,,,,,
1/1/2021,03:55,1/1/2021,04:00,MSC1,GERAN,,,,,,,,,,,,,,,,,,,,,,,,,,,,,,,,,,,,,,,,,,,,,,,,,,,
1/1/2021,04:00,1/1/2021,04:05,MSC1,GERAN,,,,,,,,,,,,,,,,,,,,,,,,,,,,,,,,,,,,,,,,,,,,,,,,,,,
1/1/2021,04:05,1/1/2021,04:10,MSC1,GERAN,,,,,,,,,,,,,,,,,,,,,,,,,,,,,,,,,,,,,,,,,,,,,,,,,,,
1/1/2021,04:10,1/1/2021,04:15,MSC1,GERAN,,,,,,,,,,,,,,,,,,,,,,,,,,,,,,,,,,,,,,,,,,,,,,,,,,,
1/1/2021,04:15,1/1/2021,04:20,MSC1,GERAN,,,,,,,,,,,,,,,,,,,,,,,,,,,,,,,,,,,,,,,,,,,,,,,,,,,
1/1/2021,04:20,1/1/2021,04:25,MSC1,GERAN,,,,,,,,,,,,,,,,,,,,,,,,,,,,,,,,,,,,,,,,,,,,,,,,,,,
1/1/2021,04:25,1/1/2021,04:30,MSC1,GERAN,,,,,,,,,,,,,,,,,,,,,,,,,,,,,,,,,,,,,,,,,,,,,,,,,,,
1/1/2021,04:30,1/1/2021,04:35,MSC1,GERAN,,,,,,,,,,,,,,,,,,,,,,,,,,,,,,,,,,,,,,,,,,,,,,,,,,,
1/1/2021,04:35,1/1/2021,04:40,MSC1,GERAN,,,,,,,,,,,,,,,,,,,,,,,,,,,,,,,,,,,,,,,,,,,,,,,,,,,
1/1/2021,04:40,1/1/2021,04:45,MSC1,GERAN,,,,,,,,,,,,,,,,,,,,,,,,,,,,,,,,,,,,,,,,,,,,,,,,,,,
1/1/2021,04:45,1/1/2021,04:50,MSC1,GERAN,,,,,,,,,,,,,,,,,,,,,,,,,,,,,,,,,,,,,,,,,,,,,,,,,,,
1/1/2021,04:50,1/1/2021,04:55,MSC1,GERAN,,,,,,,,,,,,,,,,,,,,,,,,,,,,,,,,,,,,,,,,,,,,,,,,,,,
1/1/2021,04:55,1/1/2021,05:00,MSC1,GERAN,,,,,,,,,,,,,,,,,,,,,,,,,,,,,,,,,,,,,,,,,,,,,,,,,,,
1/1/2021,05:00,1/1/2021,05:05,MSC1,GERAN,,,,,,,,,,,,,,,,,,,,,,,,,,,,,,,,,,,,,,,,,,,,,,,,,,,
1/1/2021,05:05,1/1/2021,05:10,MSC1,GERAN,,,,,,,,,,,,,,,,,,,,,,,,,,,,,,,,,,,,,,,,,,,,,,,,,,,
1/1/2021,05:10,1/1/2021,05:15,MSC1,GERAN,,,,,,,,,,,,,,,,,,,,,,,,,,,,,,,,,,,,,,,,,,,,,,,,,,,
1/1/2021,05:15,1/1/2021,05:20,MSC1,GERAN,,,,,,,,,,,,,,,,,,,,,,,,,,,,,,,,,,,,,,,,,,,,,,,,,,,
1/1/2021,05:20,1/1/2021,05:25,MSC1,GERAN,,,,,,,,,,,,,,,,,,,,,,,,,,,,,,,,,,,,,,,,,,,,,,,,,,,
1/1/2021,05:25,1/1/2021,05:30,MSC1,GERAN,,,,,,,,,,,,,,,,,,,,,,,,,,,,,,,,,,,,,,,,,,,,,,,,,,,
1/1/2021,05:30,1/1/2021,05:35,MSC1,GERAN,,,,,,,,,,,,,,,,,,,,,,,,,,,,,,,,,,,,,,,,,,,,,,,,,,,
1/1/2021,05:35,1/1/2021,05:40,MSC1,GERAN,,,,,,,,,,,,,,,,,,,,,,,,,,,,,,,,,,,,,,,,,,,,,,,,,,,
1/1/2021,05:40,1/1/2021,05:45,MSC1,GERAN,,,,,,,,,,,,,,,,,,,,,,,,,,,,,,,,,,,,,,,,,,,,,,,,,,,
1/1/2021,05:45,1/1/2021,05:50,MSC1,GERAN,,,,,,,,,,,,,,,,,,,,,,,,,,,,,,,,,,,,,,,,,,,,,,,,,,,
1/1/2021,05:50,1/1/2021,05:55,MSC1,GERAN,,,,,,,,,,,,,,,,,,,,,,,,,,,,,,,,,,,,,,,,,,,,,,,,,,,
1/1/2021,05:55,1/1/2021,06:00,MSC1,GERAN,,,,,,,,,,,,,,,,,,,,,,,,,,,,,,,,,,,,,,,,,,,,,,,,,,,
1/1/2021,06:00,1/1/2021,06:05,MSC1,GERAN,,,,,,,,,,,,,,,,,,,,,,,,,,,,,,,,,,,,,,,,,,,,,,,,,,,
1/1/2021,06:05,1/1/2021,06:10,MSC1,GERAN,,,,,,,,,,,,,,,,,,,,,,,,,,,,,,,,,,,,,,,,,,,,,,,,,,,
1/1/2021,06:10,1/1/2021,06:15,MSC1,GERAN,,,,,,,,,,,,,,,,,,,,,,,,,,,,,,,,,,,,,,,,,,,,,,,,,,,
1/1/2021,06:15,1/1/2021,06:20,MSC1,GERAN,,,,,,,,,,,,,,,,,,,,,,,,,,,,,,,,,,,,,,,,,,,,,,,,,,,
1/1/2021,06:20,1/1/2021,06:25,MSC1,GERAN,,,,,,,,,,,,,,,,,,,,,,,,,,,,,,,,,,,,,,,,,,,,,,,,,,,
1/1/2021,06:25,1/1/2021,06:30,MSC1,GERAN,,,,,,,,,,,,,,,,,,,,,,,,,,,,,,,,,,,,,,,,,,,,,,,,,,,
1/1/2021,06:30,1/1/2021,06:35,MSC1,GERAN,,,,,,,,,,,,,,,,,,,,,,,,,,,,,,,,,,,,,,,,,,,,,,,,,,,
1/1/2021,06:35,1/1/2021,06:40,MSC1,GERAN,,,,,,,,,,,,,,,,,,,,,,,,,,,,,,,,,,,,,,,,,,,,,,,,,,,
1/1/2021,06:40,1/1/2021,06:45,MSC1,GERAN,,,,,,,,,,,,,,,,,,,,,,,,,,,,,,,,,,,,,,,,,,,,,,,,,,,
1/1/2021,06:45,1/1/2021,06:50,MSC1,GERAN,,,,,,,,,,,,,,,,,,,,,,,,,,,,,,,,,,,,,,,,,,,,,,,,,,,
1/1/2021,06:50,1/1/2021,06:55,MSC1,GERAN,,,,,,,,,,,,,,,,,,,,,,,,,,,,,,,,,,,,,,,,,,,,,,,,,,,
1/1/2021,06:55,1/1/2021,07:00,MSC1,GERAN,,,,,,,,,,,,,,,,,,,,,,,,,,,,,,,,,,,,,,,,,,,,,,,,,,,
1/1/2021,07:00,1/1/2021,07:05,MSC1,GERAN,,,,,,,,,,,,,,,,,,,,,,,,,,,,,,,,,,,,,,,,,,,,,,,,,,,
1/1/2021,07:05,1/1/2021,07:10,MSC1,GERAN,,,,,,,,,,,,,,,,,,,,,,,,,,,,,,,,,,,,,,,,,,,,,,,,,,,
1/1/2021,07:10,1/1/2021,07:15,MSC1,GERAN,,,,,,,,,,,,,,,,,,,,,,,,,,,,,,,,,,,,,,,,,,,,,,,,,,,
1/1/2021,07:15,1/1/2021,07:20,MSC1,GERAN,,,,,,,,,,,,,,,,,,,,,,,,,,,,,,,,,,,,,,,,,,,,,,,,,,,
1/1/2021,07:20,1/1/2021,07:25,MSC1,GERAN,,,,,,,,,,,,,,,,,,,,,,,,,,,,,,,,,,,,,,,,,,,,,,,,,,,
1/1/2021,07:25,1/1/2021,07:30,MSC1,GERAN,,,,,,,,,,,,,,,,,,,,,,,,,,,,,,,,,,,,,,,,,,,,,,,,,,,
1/1/2021,07:30,1/1/2021,07:35,MSC1,GERAN,,,,,,,,,,,,,,,,,,,,,,,,,,,,,,,,,,,,,,,,,,,,,,,,,,,
1/1/2021,07:35,1/1/2021,07:40,MSC1,GERAN,,,,,,,,,,,,,,,,,,,,,,,,,,,,,,,,,,,,,,,,,,,,,,,,,,,
1/1/2021,07:40,1/1/2021,07:45,MSC1,GERAN,,,,,,,,,,,,,,,,,,,,,,,,,,,,,,,,,,,,,,,,,,,,,,,,,,,
1/1/2021,07:45,1/1/2021,07:50,MSC1,GERAN,,,,,,,,,,,,,,,,,,,,,,,,,,,,,,,,,,,,,,,,,,,,,,,,,,,
1/1/2021,07:50,1/1/2021,07:55,MSC1,GERAN,,,,,,,,,,,,,,,,,,,,,,,,,,,,,,,,,,,,,,,,,,,,,,,,,,,
1/1/2021,07:55,1/1/2021,08:00,MSC1,GERAN,,,,,,,,,,,,,,,,,,,,,,,,,,,,,,,,,,,,,,,,,,,,,,,,,,,
1/1/2021,08:00,1/1/2021,08:05,MSC1,GERAN,,,,,,,,,,,,,,,,,,,,,,,,,,,,,,,,,,,,,,,,,,,,,,,,,,,
1/1/2021,08:05,1/1/2021,08:10,MSC1,GERAN,,,,,,,,,,,,,,,,,,,,,,,,,,,,,,,,,,,,,,,,,,,,,,,,,,,
1/1/2021,08:10,1/1/2021,08:15,MSC1,GERAN,,,,,,,,,,,,,,,,,,,,,,,,,,,,,,,,,,,,,,,,,,,,,,,,,,,
1/1/2021,08:15,1/1/2021,08:20,MSC1,GERAN,,,,,,,,,,,,,,,,,,,,,,,,,,,,,,,,,,,,,,,,,,,,,,,,,,,
1/1/2021,08:20,1/1/2021,08:25,MSC1,GERAN,,,,,,,,,,,,,,,,,,,,,,,,,,,,,,,,,,,,,,,,,,,,,,,,,,,
1/1/2021,08:25,1/1/2021,08:30,MSC1,GERAN,,,,,,,,,,,,,,,,,,,,,,,,,,,,,,,,,,,,,,,,,,,,,,,,,,,
1/1/2021,08:30,1/1/2021,08:35,MSC1,GERAN,,,,,,,,,,,,,,,,,,,,,,,,,,,,,,,,,,,,,,,,,,,,,,,,,,,
1/1/2021,08:35,1/1/2021,08:40,MSC1,GERAN,,,,,,,,,,,,,,,,,,,,,,,,,,,,,,,,,,,,,,,,,,,,,,,,,,,
1/1/2021,08:40,1/1/2021,08:45,MSC1,GERAN,,,,,,,,,,,,,,,,,,,,,,,,,,,,,,,,,,,,,,,,,,,,,,,,,,,
1/1/2021,08:45,1/1/2021,08:50,MSC1,GERAN,,,,,,,,,,,,,,,,,,,,,,,,,,,,,,,,,,,,,,,,,,,,,,,,,,,
1/1/2021,08:50,1/1/2021,08:55,MSC1,GERAN,,,,,,,,,,,,,,,,,,,,,,,,,,,,,,,,,,,,,,,,,,,,,,,,,,,
1/1/2021,08:55,1/1/2021,09:00,MSC1,GERAN,,,,,,,,,,,,,,,,,,,,,,,,,,,,,,,,,,,,,,,,,,,,,,,,,,,
1/1/2021,09:00,1/1/2021,09:05,MSC1,GERAN,,,,,,,,,,,,,,,,,,,,,,,,,,,,,,,,,,,,,,,,,,,,,,,,,,,
1/1/2021,09:05,1/1/2021,09:10,MSC1,GERAN,,,,,,,,,,,,,,,,,,,,,,,,,,,,,,,,,,,,,,,,,,,,,,,,,,,
1/1/2021,09:10,1/1/2021,09:15,MSC1,GERAN,,,,,,,,,,,,,,,,,,,,,,,,,,,,,,,,,,,,,,,,,,,,,,,,,,,
1/1/2021,09:15,1/1/2021,09:20,MSC1,GERAN,,,,,,,,,,,,,,,,,,,,,,,,,,,,,,,,,,,,,,,,,,,,,,,,,,,
1/1/2021,09:20,1/1/2021,09:25,MSC1,GERAN,,,,,,,,,,,,,,,,,,,,,,,,,,,,,,,,,,,,,,,,,,,,,,,,,,,
1/1/2021,09:25,1/1/2021,09:30,MSC1,GERAN,,,,,,,,,,,,,,,,,,,,,,,,,,,,,,,,,,,,,,,,,,,,,,,,,,,
1/1/2021,09:30,1/1/2021,09:35,MSC1,GERAN,,,,,,,,,,,,,,,,,,,,,,,,,,,,,,,,,,,,,,,,,,,,,,,,,,,
1/1/2021,09:35,1/1/2021,09:40,MSC1,GERAN,,,,,,,,,,,,,,,,,,,,,,,,,,,,,,,,,,,,,,,,,,,,,,,,,,,
1/1/2021,09:40,1/1/2021,09:45,MSC1,GERAN,,,,,,,,,,,,,,,,,,,,,,,,,,,,,,,,,,,,,,,,,,,,,,,,,,,
1/1/2021,09:45,1/1/2021,09:50,MSC1,GERAN,,,,,,,,,,,,,,,,,,,,,,,,,,,,,,,,,,,,,,,,,,,,,,,,,,,
1/1/2021,09:50,1/1/2021,09:55,MSC1,GERAN,,,,,,,,,,,,,,,,,,,,,,,,,,,,,,,,,,,,,,,,,,,,,,,,,,,
1/1/2021,09:55,1/1/2021,10:00,MSC1,GERAN,,,,,,,,,,,,,,,,,,,,,,,,,,,,,,,,,,,,,,,,,,,,,,,,,,,
1/1/2021,10:00,1/1/2021,10:05,MSC1,GERAN,,,,,,,,,,,,,,,,,,,,,,,,,,,,,,,,,,,,,,,,,,,,,,,,,,,
1/1/2021,10:05,1/1/2021,10:10,MSC1,GERAN,,,,,,,,,,,,,,,,,,,,,,,,,,,,,,,,,,,,,,,,,,,,,,,,,,,
1/1/2021,10:10,1/1/2021,10:15,MSC1,GERAN,,,,,,,,,,,,,,,,,,,,,,,,,,,,,,,,,,,,,,,,,,,,,,,,,,,
1/1/2021,10:15,1/1/2021,10:20,MSC1,GERAN,,,,,,,,,,,,,,,,,,,,,,,,,,,,,,,,,,,,,,,,,,,,,,,,,,,
1/1/2021,10:20,1/1/2021,10:25,MSC1,GERAN,,,,,,,,,,,,,,,,,,,,,,,,,,,,,,,,,,,,,,,,,,,,,,,,,,,
1/1/2021,10:25,1/1/2021,10:30,MSC1,GERAN,,,,,,,,,,,,,,,,,,,,,,,,,,,,,,,,,,,,,,,,,,,,,,,,,,,
1/1/2021,10:30,1/1/2021,10:35,MSC1,GERAN,,,,,,,,,,,,,,,,,,,,,,,,,,,,,,,,,,,,,,,,,,,,,,,,,,,
1/1/2021,10:35,1/1/2021,10:40,MSC1,GERAN,,,,,,,,,,,,,,,,,,,,,,,,,,,,,,,,,,,,,,,,,,,,,,,,,,,
1/1/2021,10:40,1/1/2021,10:45,MSC1,GERAN,,,,,,,,,,,,,,,,,,,,,,,,,,,,,,,,,,,,,,,,,,,,,,,,,,,
1/1/2021,10:45,1/1/2021,10:50,MSC1,GERAN,,,,,,,,,,,,,,,,,,,,,,,,,,,,,,,,,,,,,,,,,,,,,,,,,,,
1/1/2021,10:50,1/1/2021,10:55,MSC1,GERAN,,,,,,,,,,,,,,,,,,,,,,,,,,,,,,,,,,,,,,,,,,,,,,,,,,,
1/1/2021,10:55,1/1/2021,11:00,MSC1,GERAN,,,,,,,,,,,,,,,,,,,,,,,,,,,,,,,,,,,,,,,,,,,,,,,,,,,
1/1/2021,11:00,1/1/2021,11:05,MSC1,GERAN,,,,,,,,,,,,,,,,,,,,,,,,,,,,,,,,,,,,,,,,,,,,,,,,,,,
1/1/2021,11:05,1/1/2021,11:10,MSC1,GERAN,,,,,,,,,,,,,,,,,,,,,,,,,,,,,,,,,,,,,,,,,,,,,,,,,,,
1/1/2021,11:10,1/1/2021,11:15,MSC1,GERAN,,,,,,,,,,,,,,,,,,,,,,,,,,,,,,,,,,,,,,,,,,,,,,,,,,,
1/1/2021,11:15,1/1/2021,11:20,MSC1,GERAN,,,,,,,,,,,,,,,,,,,,,,,,,,,,,,,,,,,,,,,,,,,,,,,,,,,
1/1/2021,11:20,1/1/2021,11:25,MSC1,GERAN,,,,,,,,,,,,,,,,,,,,,,,,,,,,,,,,,,,,,,,,,,,,,,,,,,,
1/1/2021,11:25,1/1/2021,11:30,MSC1,GERAN,,,,,,,,,,,,,,,,,,,,,,,,,,,,,,,,,,,,,,,,,,,,,,,,,,,
1/1/2021,11:30,1/1/2021,11:35,MSC1,GERAN,,,,,,,,,,,,,,,,,,,,,,,,,,,,,,,,,,,,,,,,,,,,,,,,,,,
1/1/2021,11:35,1/1/2021,11:40,MSC1,GERAN,,,,,,,,,,,,,,,,,,,,,,,,,,,,,,,,,,,,,,,,,,,,,,,,,,,
1/1/2021,11:40,1/1/2021,11:45,MSC1,GERAN,,,,,,,,,,,,,,,,,,,,,,,,,,,,,,,,,,,,,,,,,,,,,,,,,,,
1/1/2021,11:45,1/1/2021,11:50,MSC1,GERAN,,,,,,,,,,,,,,,,,,,,,,,,,,,,,,,,,,,,,,,,,,,,,,,,,,,
1/1/2021,11:50,1/1/2021,11:55,MSC1,GERAN,,,,,,,,,,,,,,,,,,,,,,,,,,,,,,,,,,,,,,,,,,,,,,,,,,,
1/1/2021,11:55,1/1/2021,12:00,MSC1,GERAN,MAP,,,,,,15000,14300,95.33333333,18000,17500,97.22222222,,,,25000,24995,99.98,5000,4995,99.9,,,,,,,,,,,,,,,,,,,,,,,,,,,,,,
1/1/2021,11:55,1/1/2021,12:00,MSC1,GERAN,CAMEL,,,,,,,,,,,,39990,39970,99.9499875,,,,,,,,,,,,,,,,,,,,,,,,,,,,,,,,,,,,
1/1/2021,11:55,1/1/2021,12:00,MSC1,GERAN,BSSAP,39000,45000,84000,46.42857143,53.57142857,,,,,,,,,,,,,,,,400,390,97.5,45000,44990,99.97777778,38000,37842,99.58421053,,,,,,,,,,,,,,,,,,,,,
1/1/2021,11:55,1/1/2021,12:00,MSC1,UTRAN,RANAP,12000,14000,26000,46.15384615,53.84615385,,,,,,,,,,,,,,,,,,,,,,,,,26000,25880,99.53846154,,,,,,,,,,,,,,,,,,
1/1/2021,11:55,1/1/2021,12:00,MSC1,GERAN,ISUP,,,,,,,,,,,,,,,,,,,,,,,,,,,,,,,,,1400,1390,10,99.28571429,0.7142857143,,,,,,,,,,,,,
1/1/2021,11:55,1/1/2021,12:00,MSC1,GERAN,SIP,,,,,,,,,,,,,,,,,,,,,,,,,,,,,,,,,,,,,,27000,26700,300,98.88888889,1.111111111,,,,,,,,
1/1/2021,11:55,1/1/2021,12:00,MSC1,GERAN,BICC,,,,,,,,,,,,,,,,,,,,,,,,,,,,,,,,,,,,,,,,,,,1200,1168,32,97.33333333,2.666666667,,,
1/1/2021,11:55,1/1/2021,12:00,MSC1,GERAN,H248,,,,,,,,,,,,,,,,,,,,,,,,,,,,,,,,,,,,,,,,,,,,,,,,56500,56499,99.99823009
1/1/2021,12:00,1/1/2021,12:05,MSC1,GERAN,,,,,,,,,,,,,,,,,,,,,,,,,,,,,,,,,,,,,,,,,,,,,,,,,,,
1/1/2021,12:05,1/1/2021,12:10,MSC1,GERAN,,,,,,,,,,,,,,,,,,,,,,,,,,,,,,,,,,,,,,,,,,,,,,,,,,,
1/1/2021,12:10,1/1/2021,12:15,MSC1,GERAN,,,,,,,,,,,,,,,,,,,,,,,,,,,,,,,,,,,,,,,,,,,,,,,,,,,
1/1/2021,12:15,1/1/2021,12:20,MSC1,GERAN,,,,,,,,,,,,,,,,,,,,,,,,,,,,,,,,,,,,,,,,,,,,,,,,,,,
1/1/2021,12:20,1/1/2021,12:25,MSC1,GERAN,,,,,,,,,,,,,,,,,,,,,,,,,,,,,,,,,,,,,,,,,,,,,,,,,,,
1/1/2021,12:25,1/1/2021,12:30,MSC1,GERAN,,,,,,,,,,,,,,,,,,,,,,,,,,,,,,,,,,,,,,,,,,,,,,,,,,,
1/1/2021,12:30,1/1/2021,12:35,MSC1,GERAN,,,,,,,,,,,,,,,,,,,,,,,,,,,,,,,,,,,,,,,,,,,,,,,,,,,
1/1/2021,12:35,1/1/2021,12:40,MSC1,GERAN,,,,,,,,,,,,,,,,,,,,,,,,,,,,,,,,,,,,,,,,,,,,,,,,,,,
1/1/2021,12:40,1/1/2021,12:45,MSC1,GERAN,,,,,,,,,,,,,,,,,,,,,,,,,,,,,,,,,,,,,,,,,,,,,,,,,,,
1/1/2021,12:45,1/1/2021,12:50,MSC1,GERAN,,,,,,,,,,,,,,,,,,,,,,,,,,,,,,,,,,,,,,,,,,,,,,,,,,,
1/1/2021,12:50,1/1/2021,12:55,MSC1,GERAN,,,,,,,,,,,,,,,,,,,,,,,,,,,,,,,,,,,,,,,,,,,,,,,,,,,
1/1/2021,12:55,1/1/2021,13:00,MSC1,GERAN,,,,,,,,,,,,,,,,,,,,,,,,,,,,,,,,,,,,,,,,,,,,,,,,,,,
1/1/2021,13:00,1/1/2021,13:05,MSC1,GERAN,,,,,,,,,,,,,,,,,,,,,,,,,,,,,,,,,,,,,,,,,,,,,,,,,,,
1/1/2021,13:05,1/1/2021,13:10,MSC1,GERAN,,,,,,,,,,,,,,,,,,,,,,,,,,,,,,,,,,,,,,,,,,,,,,,,,,,
1/1/2021,13:10,1/1/2021,13:15,MSC1,GERAN,,,,,,,,,,,,,,,,,,,,,,,,,,,,,,,,,,,,,,,,,,,,,,,,,,,
1/1/2021,13:15,1/1/2021,13:20,MSC1,GERAN,,,,,,,,,,,,,,,,,,,,,,,,,,,,,,,,,,,,,,,,,,,,,,,,,,,
1/1/2021,13:20,1/1/2021,13:25,MSC1,GERAN,,,,,,,,,,,,,,,,,,,,,,,,,,,,,,,,,,,,,,,,,,,,,,,,,,,
1/1/2021,13:25,1/1/2021,13:30,MSC1,GERAN,,,,,,,,,,,,,,,,,,,,,,,,,,,,,,,,,,,,,,,,,,,,,,,,,,,
1/1/2021,13:30,1/1/2021,13:35,MSC1,GERAN,,,,,,,,,,,,,,,,,,,,,,,,,,,,,,,,,,,,,,,,,,,,,,,,,,,
1/1/2021,13:35,1/1/2021,13:40,MSC1,GERAN,,,,,,,,,,,,,,,,,,,,,,,,,,,,,,,,,,,,,,,,,,,,,,,,,,,
1/1/2021,13:40,1/1/2021,13:45,MSC1,GERAN,,,,,,,,,,,,,,,,,,,,,,,,,,,,,,,,,,,,,,,,,,,,,,,,,,,
1/1/2021,13:45,1/1/2021,13:50,MSC1,GERAN,,,,,,,,,,,,,,,,,,,,,,,,,,,,,,,,,,,,,,,,,,,,,,,,,,,
1/1/2021,13:50,1/1/2021,13:55,MSC1,GERAN,,,,,,,,,,,,,,,,,,,,,,,,,,,,,,,,,,,,,,,,,,,,,,,,,,,
1/1/2021,13:55,1/1/2021,14:00,MSC1,GERAN,,,,,,,,,,,,,,,,,,,,,,,,,,,,,,,,,,,,,,,,,,,,,,,,,,,
1/1/2021,14:00,1/1/2021,14:05,MSC1,GERAN,,,,,,,,,,,,,,,,,,,,,,,,,,,,,,,,,,,,,,,,,,,,,,,,,,,
1/1/2021,14:05,1/1/2021,14:10,MSC1,GERAN,,,,,,,,,,,,,,,,,,,,,,,,,,,,,,,,,,,,,,,,,,,,,,,,,,,
1/1/2021,14:10,1/1/2021,14:15,MSC1,GERAN,,,,,,,,,,,,,,,,,,,,,,,,,,,,,,,,,,,,,,,,,,,,,,,,,,,
1/1/2021,14:15,1/1/2021,14:20,MSC1,GERAN,,,,,,,,,,,,,,,,,,,,,,,,,,,,,,,,,,,,,,,,,,,,,,,,,,,
1/1/2021,14:20,1/1/2021,14:25,MSC1,GERAN,,,,,,,,,,,,,,,,,,,,,,,,,,,,,,,,,,,,,,,,,,,,,,,,,,,
1/1/2021,14:25,1/1/2021,14:30,MSC1,GERAN,,,,,,,,,,,,,,,,,,,,,,,,,,,,,,,,,,,,,,,,,,,,,,,,,,,
1/1/2021,14:30,1/1/2021,14:35,MSC1,GERAN,,,,,,,,,,,,,,,,,,,,,,,,,,,,,,,,,,,,,,,,,,,,,,,,,,,
1/1/2021,14:35,1/1/2021,14:40,MSC1,GERAN,,,,,,,,,,,,,,,,,,,,,,,,,,,,,,,,,,,,,,,,,,,,,,,,,,,
1/1/2021,14:40,1/1/2021,14:45,MSC1,GERAN,,,,,,,,,,,,,,,,,,,,,,,,,,,,,,,,,,,,,,,,,,,,,,,,,,,
1/1/2021,14:45,1/1/2021,14:50,MSC1,GERAN,,,,,,,,,,,,,,,,,,,,,,,,,,,,,,,,,,,,,,,,,,,,,,,,,,,
1/1/2021,14:50,1/1/2021,14:55,MSC1,GERAN,,,,,,,,,,,,,,,,,,,,,,,,,,,,,,,,,,,,,,,,,,,,,,,,,,,
1/1/2021,14:55,1/1/2021,15:00,MSC1,GERAN,,,,,,,,,,,,,,,,,,,,,,,,,,,,,,,,,,,,,,,,,,,,,,,,,,,
1/1/2021,15:00,1/1/2021,15:05,MSC1,GERAN,,,,,,,,,,,,,,,,,,,,,,,,,,,,,,,,,,,,,,,,,,,,,,,,,,,
1/1/2021,15:05,1/1/2021,15:10,MSC1,GERAN,,,,,,,,,,,,,,,,,,,,,,,,,,,,,,,,,,,,,,,,,,,,,,,,,,,
1/1/2021,15:10,1/1/2021,15:15,MSC1,GERAN,,,,,,,,,,,,,,,,,,,,,,,,,,,,,,,,,,,,,,,,,,,,,,,,,,,
1/1/2021,15:15,1/1/2021,15:20,MSC1,GERAN,,,,,,,,,,,,,,,,,,,,,,,,,,,,,,,,,,,,,,,,,,,,,,,,,,,
1/1/2021,15:20,1/1/2021,15:25,MSC1,GERAN,,,,,,,,,,,,,,,,,,,,,,,,,,,,,,,,,,,,,,,,,,,,,,,,,,,
1/1/2021,15:25,1/1/2021,15:30,MSC1,GERAN,,,,,,,,,,,,,,,,,,,,,,,,,,,,,,,,,,,,,,,,,,,,,,,,,,,
1/1/2021,15:30,1/1/2021,15:35,MSC1,GERAN,,,,,,,,,,,,,,,,,,,,,,,,,,,,,,,,,,,,,,,,,,,,,,,,,,,
1/1/2021,15:35,1/1/2021,15:40,MSC1,GERAN,,,,,,,,,,,,,,,,,,,,,,,,,,,,,,,,,,,,,,,,,,,,,,,,,,,
1/1/2021,15:40,1/1/2021,15:45,MSC1,GERAN,,,,,,,,,,,,,,,,,,,,,,,,,,,,,,,,,,,,,,,,,,,,,,,,,,,
1/1/2021,15:45,1/1/2021,15:50,MSC1,GERAN,,,,,,,,,,,,,,,,,,,,,,,,,,,,,,,,,,,,,,,,,,,,,,,,,,,
1/1/2021,15:50,1/1/2021,15:55,MSC1,GERAN,,,,,,,,,,,,,,,,,,,,,,,,,,,,,,,,,,,,,,,,,,,,,,,,,,,
1/1/2021,15:55,1/1/2021,16:00,MSC1,GERAN,,,,,,,,,,,,,,,,,,,,,,,,,,,,,,,,,,,,,,,,,,,,,,,,,,,
1/1/2021,16:00,1/1/2021,16:05,MSC1,GERAN,,,,,,,,,,,,,,,,,,,,,,,,,,,,,,,,,,,,,,,,,,,,,,,,,,,
1/1/2021,16:05,1/1/2021,16:10,MSC1,GERAN,,,,,,,,,,,,,,,,,,,,,,,,,,,,,,,,,,,,,,,,,,,,,,,,,,,
1/1/2021,16:10,1/1/2021,16:15,MSC1,GERAN,,,,,,,,,,,,,,,,,,,,,,,,,,,,,,,,,,,,,,,,,,,,,,,,,,,
1/1/2021,16:15,1/1/2021,16:20,MSC1,GERAN,,,,,,,,,,,,,,,,,,,,,,,,,,,,,,,,,,,,,,,,,,,,,,,,,,,
1/1/2021,16:20,1/1/2021,16:25,MSC1,GERAN,,,,,,,,,,,,,,,,,,,,,,,,,,,,,,,,,,,,,,,,,,,,,,,,,,,
1/1/2021,16:25,1/1/2021,16:30,MSC1,GERAN,,,,,,,,,,,,,,,,,,,,,,,,,,,,,,,,,,,,,,,,,,,,,,,,,,,
1/1/2021,16:30,1/1/2021,16:35,MSC1,GERAN,,,,,,,,,,,,,,,,,,,,,,,,,,,,,,,,,,,,,,,,,,,,,,,,,,,
1/1/2021,16:35,1/1/2021,16:40,MSC1,GERAN,,,,,,,,,,,,,,,,,,,,,,,,,,,,,,,,,,,,,,,,,,,,,,,,,,,
1/1/2021,16:40,1/1/2021,16:45,MSC1,GERAN,,,,,,,,,,,,,,,,,,,,,,,,,,,,,,,,,,,,,,,,,,,,,,,,,,,
1/1/2021,16:45,1/1/2021,16:50,MSC1,GERAN,,,,,,,,,,,,,,,,,,,,,,,,,,,,,,,,,,,,,,,,,,,,,,,,,,,
1/1/2021,16:50,1/1/2021,16:55,MSC1,GERAN,,,,,,,,,,,,,,,,,,,,,,,,,,,,,,,,,,,,,,,,,,,,,,,,,,,
1/1/2021,16:55,1/1/2021,17:00,MSC1,GERAN,,,,,,,,,,,,,,,,,,,,,,,,,,,,,,,,,,,,,,,,,,,,,,,,,,,
1/1/2021,17:00,1/1/2021,17:05,MSC1,GERAN,,,,,,,,,,,,,,,,,,,,,,,,,,,,,,,,,,,,,,,,,,,,,,,,,,,
1/1/2021,17:05,1/1/2021,17:10,MSC1,GERAN,,,,,,,,,,,,,,,,,,,,,,,,,,,,,,,,,,,,,,,,,,,,,,,,,,,
1/1/2021,17:10,1/1/2021,17:15,MSC1,GERAN,,,,,,,,,,,,,,,,,,,,,,,,,,,,,,,,,,,,,,,,,,,,,,,,,,,
1/1/2021,17:15,1/1/2021,17:20,MSC1,GERAN,,,,,,,,,,,,,,,,,,,,,,,,,,,,,,,,,,,,,,,,,,,,,,,,,,,
1/1/2021,17:20,1/1/2021,17:25,MSC1,GERAN,,,,,,,,,,,,,,,,,,,,,,,,,,,,,,,,,,,,,,,,,,,,,,,,,,,
1/1/2021,17:25,1/1/2021,17:30,MSC1,GERAN,,,,,,,,,,,,,,,,,,,,,,,,,,,,,,,,,,,,,,,,,,,,,,,,,,,
1/1/2021,17:30,1/1/2021,17:35,MSC1,GERAN,,,,,,,,,,,,,,,,,,,,,,,,,,,,,,,,,,,,,,,,,,,,,,,,,,,
1/1/2021,17:35,1/1/2021,17:40,MSC1,GERAN,,,,,,,,,,,,,,,,,,,,,,,,,,,,,,,,,,,,,,,,,,,,,,,,,,,
1/1/2021,17:40,1/1/2021,17:45,MSC1,GERAN,,,,,,,,,,,,,,,,,,,,,,,,,,,,,,,,,,,,,,,,,,,,,,,,,,,
1/1/2021,17:45,1/1/2021,17:50,MSC1,GERAN,,,,,,,,,,,,,,,,,,,,,,,,,,,,,,,,,,,,,,,,,,,,,,,,,,,
1/1/2021,17:50,1/1/2021,17:55,MSC1,GERAN,,,,,,,,,,,,,,,,,,,,,,,,,,,,,,,,,,,,,,,,,,,,,,,,,,,
1/1/2021,17:55,1/1/2021,18:00,MSC1,GERAN,,,,,,,,,,,,,,,,,,,,,,,,,,,,,,,,,,,,,,,,,,,,,,,,,,,
1/1/2021,18:00,1/1/2021,18:05,MSC1,GERAN,,,,,,,,,,,,,,,,,,,,,,,,,,,,,,,,,,,,,,,,,,,,,,,,,,,
1/1/2021,18:05,1/1/2021,18:10,MSC1,GERAN,,,,,,,,,,,,,,,,,,,,,,,,,,,,,,,,,,,,,,,,,,,,,,,,,,,
1/1/2021,18:10,1/1/2021,18:15,MSC1,GERAN,,,,,,,,,,,,,,,,,,,,,,,,,,,,,,,,,,,,,,,,,,,,,,,,,,,
1/1/2021,18:15,1/1/2021,18:20,MSC1,GERAN,,,,,,,,,,,,,,,,,,,,,,,,,,,,,,,,,,,,,,,,,,,,,,,,,,,
1/1/2021,18:20,1/1/2021,18:25,MSC1,GERAN,,,,,,,,,,,,,,,,,,,,,,,,,,,,,,,,,,,,,,,,,,,,,,,,,,,
1/1/2021,18:25,1/1/2021,18:30,MSC1,GERAN,,,,,,,,,,,,,,,,,,,,,,,,,,,,,,,,,,,,,,,,,,,,,,,,,,,
1/1/2021,18:30,1/1/2021,18:35,MSC1,GERAN,,,,,,,,,,,,,,,,,,,,,,,,,,,,,,,,,,,,,,,,,,,,,,,,,,,
1/1/2021,18:35,1/1/2021,18:40,MSC1,GERAN,,,,,,,,,,,,,,,,,,,,,,,,,,,,,,,,,,,,,,,,,,,,,,,,,,,
1/1/2021,18:40,1/1/2021,18:45,MSC1,GERAN,,,,,,,,,,,,,,,,,,,,,,,,,,,,,,,,,,,,,,,,,,,,,,,,,,,
1/1/2021,18:45,1/1/2021,18:50,MSC1,GERAN,,,,,,,,,,,,,,,,,,,,,,,,,,,,,,,,,,,,,,,,,,,,,,,,,,,
1/1/2021,18:50,1/1/2021,18:55,MSC1,GERAN,,,,,,,,,,,,,,,,,,,,,,,,,,,,,,,,,,,,,,,,,,,,,,,,,,,
1/1/2021,18:55,1/1/2021,19:00,MSC1,GERAN,,,,,,,,,,,,,,,,,,,,,,,,,,,,,,,,,,,,,,,,,,,,,,,,,,,
1/1/2021,19:00,1/1/2021,19:05,MSC1,GERAN,,,,,,,,,,,,,,,,,,,,,,,,,,,,,,,,,,,,,,,,,,,,,,,,,,,
1/1/2021,19:05,1/1/2021,19:10,MSC1,GERAN,,,,,,,,,,,,,,,,,,,,,,,,,,,,,,,,,,,,,,,,,,,,,,,,,,,
1/1/2021,19:10,1/1/2021,19:15,MSC1,GERAN,,,,,,,,,,,,,,,,,,,,,,,,,,,,,,,,,,,,,,,,,,,,,,,,,,,
1/1/2021,19:15,1/1/2021,19:20,MSC1,GERAN,,,,,,,,,,,,,,,,,,,,,,,,,,,,,,,,,,,,,,,,,,,,,,,,,,,
1/1/2021,19:20,1/1/2021,19:25,MSC1,GERAN,,,,,,,,,,,,,,,,,,,,,,,,,,,,,,,,,,,,,,,,,,,,,,,,,,,
1/1/2021,19:25,1/1/2021,19:30,MSC1,GERAN,,,,,,,,,,,,,,,,,,,,,,,,,,,,,,,,,,,,,,,,,,,,,,,,,,,
1/1/2021,19:30,1/1/2021,19:35,MSC1,GERAN,,,,,,,,,,,,,,,,,,,,,,,,,,,,,,,,,,,,,,,,,,,,,,,,,,,
1/1/2021,19:35,1/1/2021,19:40,MSC1,GERAN,,,,,,,,,,,,,,,,,,,,,,,,,,,,,,,,,,,,,,,,,,,,,,,,,,,
1/1/2021,19:40,1/1/2021,19:45,MSC1,GERAN,,,,,,,,,,,,,,,,,,,,,,,,,,,,,,,,,,,,,,,,,,,,,,,,,,,
1/1/2021,19:45,1/1/2021,19:50,MSC1,GERAN,,,,,,,,,,,,,,,,,,,,,,,,,,,,,,,,,,,,,,,,,,,,,,,,,,,
1/1/2021,19:50,1/1/2021,19:55,MSC1,GERAN,,,,,,,,,,,,,,,,,,,,,,,,,,,,,,,,,,,,,,,,,,,,,,,,,,,
1/1/2021,19:55,1/1/2021,20:00,MSC1,GERAN,,,,,,,,,,,,,,,,,,,,,,,,,,,,,,,,,,,,,,,,,,,,,,,,,,,
1/1/2021,20:00,1/1/2021,20:05,MSC1,GERAN,,,,,,,,,,,,,,,,,,,,,,,,,,,,,,,,,,,,,,,,,,,,,,,,,,,
1/1/2021,20:05,1/1/2021,20:10,MSC1,GERAN,,,,,,,,,,,,,,,,,,,,,,,,,,,,,,,,,,,,,,,,,,,,,,,,,,,
1/1/2021,20:10,1/1/2021,20:15,MSC1,GERAN,,,,,,,,,,,,,,,,,,,,,,,,,,,,,,,,,,,,,,,,,,,,,,,,,,,
1/1/2021,20:15,1/1/2021,20:20,MSC1,GERAN,,,,,,,,,,,,,,,,,,,,,,,,,,,,,,,,,,,,,,,,,,,,,,,,,,,
1/1/2021,20:20,1/1/2021,20:25,MSC1,GERAN,,,,,,,,,,,,,,,,,,,,,,,,,,,,,,,,,,,,,,,,,,,,,,,,,,,
1/1/2021,20:25,1/1/2021,20:30,MSC1,GERAN,,,,,,,,,,,,,,,,,,,,,,,,,,,,,,,,,,,,,,,,,,,,,,,,,,,
1/1/2021,20:30,1/1/2021,20:35,MSC1,GERAN,,,,,,,,,,,,,,,,,,,,,,,,,,,,,,,,,,,,,,,,,,,,,,,,,,,
1/1/2021,20:35,1/1/2021,20:40,MSC1,GERAN,,,,,,,,,,,,,,,,,,,,,,,,,,,,,,,,,,,,,,,,,,,,,,,,,,,
1/1/2021,20:40,1/1/2021,20:45,MSC1,GERAN,,,,,,,,,,,,,,,,,,,,,,,,,,,,,,,,,,,,,,,,,,,,,,,,,,,
1/1/2021,20:45,1/1/2021,20:50,MSC1,GERAN,,,,,,,,,,,,,,,,,,,,,,,,,,,,,,,,,,,,,,,,,,,,,,,,,,,
1/1/2021,20:50,1/1/2021,20:55,MSC1,GERAN,,,,,,,,,,,,,,,,,,,,,,,,,,,,,,,,,,,,,,,,,,,,,,,,,,,
1/1/2021,20:55,1/1/2021,21:00,MSC1,GERAN,,,,,,,,,,,,,,,,,,,,,,,,,,,,,,,,,,,,,,,,,,,,,,,,,,,
1/1/2021,21:00,1/1/2021,21:05,MSC1,GERAN,,,,,,,,,,,,,,,,,,,,,,,,,,,,,,,,,,,,,,,,,,,,,,,,,,,
1/1/2021,21:05,1/1/2021,21:10,MSC1,GERAN,,,,,,,,,,,,,,,,,,,,,,,,,,,,,,,,,,,,,,,,,,,,,,,,,,,
1/1/2021,21:10,1/1/2021,21:15,MSC1,GERAN,,,,,,,,,,,,,,,,,,,,,,,,,,,,,,,,,,,,,,,,,,,,,,,,,,,
1/1/2021,21:15,1/1/2021,21:20,MSC1,GERAN,,,,,,,,,,,,,,,,,,,,,,,,,,,,,,,,,,,,,,,,,,,,,,,,,,,
1/1/2021,21:20,1/1/2021,21:25,MSC1,GERAN,,,,,,,,,,,,,,,,,,,,,,,,,,,,,,,,,,,,,,,,,,,,,,,,,,,
1/1/2021,21:25,1/1/2021,21:30,MSC1,GERAN,,,,,,,,,,,,,,,,,,,,,,,,,,,,,,,,,,,,,,,,,,,,,,,,,,,
1/1/2021,21:30,1/1/2021,21:35,MSC1,GERAN,,,,,,,,,,,,,,,,,,,,,,,,,,,,,,,,,,,,,,,,,,,,,,,,,,,
1/1/2021,21:35,1/1/2021,21:40,MSC1,GERAN,,,,,,,,,,,,,,,,,,,,,,,,,,,,,,,,,,,,,,,,,,,,,,,,,,,
1/1/2021,21:40,1/1/2021,21:45,MSC1,GERAN,,,,,,,,,,,,,,,,,,,,,,,,,,,,,,,,,,,,,,,,,,,,,,,,,,,
1/1/2021,21:45,1/1/2021,21:50,MSC1,GERAN,,,,,,,,,,,,,,,,,,,,,,,,,,,,,,,,,,,,,,,,,,,,,,,,,,,
1/1/2021,21:50,1/1/2021,21:55,MSC1,GERAN,,,,,,,,,,,,,,,,,,,,,,,,,,,,,,,,,,,,,,,,,,,,,,,,,,,
1/1/2021,21:55,1/1/2021,22:00,MSC1,GERAN,,,,,,,,,,,,,,,,,,,,,,,,,,,,,,,,,,,,,,,,,,,,,,,,,,,
1/1/2021,22:00,1/1/2021,22:05,MSC1,GERAN,,,,,,,,,,,,,,,,,,,,,,,,,,,,,,,,,,,,,,,,,,,,,,,,,,,
1/1/2021,22:05,1/1/2021,22:10,MSC1,GERAN,,,,,,,,,,,,,,,,,,,,,,,,,,,,,,,,,,,,,,,,,,,,,,,,,,,
1/1/2021,22:10,1/1/2021,22:15,MSC1,GERAN,,,,,,,,,,,,,,,,,,,,,,,,,,,,,,,,,,,,,,,,,,,,,,,,,,,
1/1/2021,22:15,1/1/2021,22:20,MSC1,GERAN,,,,,,,,,,,,,,,,,,,,,,,,,,,,,,,,,,,,,,,,,,,,,,,,,,,
1/1/2021,22:20,1/1/2021,22:25,MSC1,GERAN,,,,,,,,,,,,,,,,,,,,,,,,,,,,,,,,,,,,,,,,,,,,,,,,,,,
1/1/2021,22:25,1/1/2021,22:30,MSC1,GERAN,,,,,,,,,,,,,,,,,,,,,,,,,,,,,,,,,,,,,,,,,,,,,,,,,,,
1/1/2021,22:30,1/1/2021,22:35,MSC1,GERAN,,,,,,,,,,,,,,,,,,,,,,,,,,,,,,,,,,,,,,,,,,,,,,,,,,,
1/1/2021,22:35,1/1/2021,22:40,MSC1,GERAN,,,,,,,,,,,,,,,,,,,,,,,,,,,,,,,,,,,,,,,,,,,,,,,,,,,
1/1/2021,22:40,1/1/2021,22:45,MSC1,GERAN,,,,,,,,,,,,,,,,,,,,,,,,,,,,,,,,,,,,,,,,,,,,,,,,,,,
1/1/2021,22:45,1/1/2021,22:50,MSC1,GERAN,,,,,,,,,,,,,,,,,,,,,,,,,,,,,,,,,,,,,,,,,,,,,,,,,,,
1/1/2021,22:50,1/1/2021,22:55,MSC1,GERAN,,,,,,,,,,,,,,,,,,,,,,,,,,,,,,,,,,,,,,,,,,,,,,,,,,,
1/1/2021,22:55,1/1/2021,23:00,MSC1,GERAN,,,,,,,,,,,,,,,,,,,,,,,,,,,,,,,,,,,,,,,,,,,,,,,,,,,
1/1/2021,23:00,1/1/2021,23:05,MSC1,GERAN,,,,,,,,,,,,,,,,,,,,,,,,,,,,,,,,,,,,,,,,,,,,,,,,,,,
1/1/2021,23:05,1/1/2021,23:10,MSC1,GERAN,,,,,,,,,,,,,,,,,,,,,,,,,,,,,,,,,,,,,,,,,,,,,,,,,,,
1/1/2021,23:10,1/1/2021,23:15,MSC1,GERAN,,,,,,,,,,,,,,,,,,,,,,,,,,,,,,,,,,,,,,,,,,,,,,,,,,,
1/1/2021,23:15,1/1/2021,23:20,MSC1,GERAN,,,,,,,,,,,,,,,,,,,,,,,,,,,,,,,,,,,,,,,,,,,,,,,,,,,
1/1/2021,23:20,1/1/2021,23:25,MSC1,GERAN,,,,,,,,,,,,,,,,,,,,,,,,,,,,,,,,,,,,,,,,,,,,,,,,,,,
1/1/2021,23:25,1/1/2021,23:30,MSC1,GERAN,,,,,,,,,,,,,,,,,,,,,,,,,,,,,,,,,,,,,,,,,,,,,,,,,,,
1/1/2021,23:30,1/1/2021,23:35,MSC1,GERAN,,,,,,,,,,,,,,,,,,,,,,,,,,,,,,,,,,,,,,,,,,,,,,,,,,,
1/1/2021,23:35,1/1/2021,23:40,MSC1,GERAN,,,,,,,,,,,,,,,,,,,,,,,,,,,,,,,,,,,,,,,,,,,,,,,,,,,
1/1/2021,23:40,1/1/2021,23:45,MSC1,GERAN,,,,,,,,,,,,,,,,,,,,,,,,,,,,,,,,,,,,,,,,,,,,,,,,,,,
1/1/2021,23:45,1/1/2021,23:50,MSC1,GERAN,,,,,,,,,,,,,,,,,,,,,,,,,,,,,,,,,,,,,,,,,,,,,,,,,,,
1/1/2021,23:50,1/1/2021,23:55,MSC1,GERAN,,,,,,,,,,,,,,,,,,,,,,,,,,,,,,,,,,,,,,,,,,,,,,,,,,,
1/1/2021,23:55,2/1/2021,00:00,MSC1,GERAN,,,,,,,,,,,,,,,,,,,,,,,,,,,,,,,,,,,,,,,,,,,,,,,,,,,